-- MySQL dump 10.13  Distrib 5.5.14, for Win32 (x86)
--
-- Host: localhost    Database: lbs
-- ------------------------------------------------------
-- Server version	5.5.14

/*!40101 SET @OLD_CHARACTER_SET_CLIENT=@@CHARACTER_SET_CLIENT */;
/*!40101 SET @OLD_CHARACTER_SET_RESULTS=@@CHARACTER_SET_RESULTS */;
/*!40101 SET @OLD_COLLATION_CONNECTION=@@COLLATION_CONNECTION */;
/*!40101 SET NAMES utf8 */;
/*!40103 SET @OLD_TIME_ZONE=@@TIME_ZONE */;
/*!40103 SET TIME_ZONE='+00:00' */;
/*!40014 SET @OLD_UNIQUE_CHECKS=@@UNIQUE_CHECKS, UNIQUE_CHECKS=0 */;
/*!40014 SET @OLD_FOREIGN_KEY_CHECKS=@@FOREIGN_KEY_CHECKS, FOREIGN_KEY_CHECKS=0 */;
/*!40101 SET @OLD_SQL_MODE=@@SQL_MODE, SQL_MODE='NO_AUTO_VALUE_ON_ZERO' */;
/*!40111 SET @OLD_SQL_NOTES=@@SQL_NOTES, SQL_NOTES=0 */;

--
-- Table structure for table `object`
--

DROP TABLE IF EXISTS `object`;
/*!40101 SET @saved_cs_client     = @@character_set_client */;
/*!40101 SET character_set_client = utf8 */;
CREATE TABLE `object` (
  `OID` varchar(64) NOT NULL DEFAULT '',
  `proname` varchar(64) DEFAULT NULL,
  `bcategory` varchar(64) DEFAULT NULL,
  `scategory` varchar(64) DEFAULT NULL,
  `latitude` double DEFAULT NULL,
  `longitude` double DEFAULT NULL,
  `proimage` varchar(128) DEFAULT NULL,
  PRIMARY KEY (`OID`)
) ENGINE=InnoDB DEFAULT CHARSET=utf8;
/*!40101 SET character_set_client = @saved_cs_client */;

--
-- Dumping data for table `object`
--

LOCK TABLES `object` WRITE;
/*!40000 ALTER TABLE `object` DISABLE KEYS */;
INSERT INTO `object` VALUES ('06b92c','东北炖','餐饮','东北菜',31.14,118.22,'$UU[]X0GEDO`DP03YW8D_}1.jpg'),('08c599','华必和','餐饮','快餐',32.07191,118.76724,'hbh.jpg'),('0f0cfb','西子苑','餐饮','苏菜',32.1135,118.937591,'cwg.jpg'),('33401c','梓妍鸡汁汤包店','餐饮','快餐',32.107972,118.928332,'zytbd.PNG'),('373cbe','莲湖糕团店','餐饮','苏菜',32.02099,118.78958,'lhgtd.jpg'),('39e08f','牛首山','娱乐','景点',31.9082,118.7499,'nss.jpg'),('419749','古林公园','娱乐','景点',32.06687,118.75592,'glgy.jpg'),('48bd05','kfc','餐饮','快餐',39.915000915527344,116.40399932861328,'$N}MM@YB%HAN16Y~5OI3`SU.gif'),('49356a','粤鸿和（仙林店）','餐饮','粤菜',32.109777,118.932428,'yhh.jpg'),('4e9eb7','必胜客（仙林店）','餐饮','快餐',32.108587,118.933125,'bsk.PNG'),('6a172c','南京大牌档','餐饮','苏菜',32.0433,118.7844,'dpd.jpg'),('721106','紫燕百味鸡','餐饮','快餐',32.07822,118.76763,'zybwj.jpg'),('795638','kfc北京','餐饮','苏菜',40.1,116.404,'kfc.PNG'),('99e7c5','中影国际影城','娱乐','电影院',31.139999389648438,118.22000122070312,'7U3`BHFV3{Y12CFNK3PDL4A.gif'),('a4ebb0','河南博物馆','娱乐','景点',34.7875,113.6722,'hnbwg.jpg'),('adeb33','川味观','餐饮','川菜',32.07638,118.7633,'cwg.jpg'),('b91547','国家大剧院','娱乐','电影院',39.9049,116.3896,'gjdjy.jpg'),('ba4f75','呱呱叫干锅主题餐厅','餐饮','川菜',32.0547,118.7401,'ggj.jpg'),('c338d8','粤鸿和','餐饮','粤菜',32.0449,118.7802,'yhh.jpg'),('cddc10','御福轩','餐饮','苏菜',31.139999389648438,118.22000122070312,'13V%R9{YN(181$V_G1B]$1M.gif'),('d32894','丰台体育中心','娱乐','健身',39.8667,116.2784,'ft.jpg'),('d812e3','天桥百货商场','娱乐','商场',39.8805,116.3976,'tqbhsc.jpg'),('e5d4c2','和湘汇','餐饮','湘菜',32.061,118.7764,'hxh.jpg'),('e6d81a','东北炖','餐饮','东北菜',32.0694,118.7784,'dbd.jpg'),('e6de90','糖人商务会馆','娱乐','会所',39.8816,116.3173,'trswhg.jpg'),('ecd7af','人民英雄纪念碑','娱乐','景点',39.9047,116.3977,'rmyxjnb.jpg'),('ed1366','北京欢乐水魔方水上乐园','娱乐','游乐场',39.8794,116.2515,'smf.jpg'),('f62485','将军山','娱乐','景点',31.9227,118.768,'jus.jpg'),('fd3aa6','迪高乐园','娱乐','游乐场',31.139999389648438,116.40399932861328,'6YI{US3X$8QK5ZDNG~MZB{K.gif');
/*!40000 ALTER TABLE `object` ENABLE KEYS */;
UNLOCK TABLES;

--
-- Table structure for table `record`
--

DROP TABLE IF EXISTS `record`;
/*!40101 SET @saved_cs_client     = @@character_set_client */;
/*!40101 SET character_set_client = utf8 */;
CREATE TABLE `record` (
  `ID` int(10) unsigned NOT NULL AUTO_INCREMENT,
  `UID` varchar(64) NOT NULL,
  `OID` varchar(64) CHARACTER SET utf8 NOT NULL,
  `date` datetime DEFAULT NULL,
  `bcategory` varchar(64) DEFAULT NULL,
  `scategory` varchar(64) DEFAULT NULL,
  PRIMARY KEY (`ID`),
  KEY `UID` (`UID`),
  KEY `OID` (`OID`),
  CONSTRAINT `OID` FOREIGN KEY (`OID`) REFERENCES `object` (`OID`),
  CONSTRAINT `UID` FOREIGN KEY (`UID`) REFERENCES `user` (`UID`)
) ENGINE=InnoDB AUTO_INCREMENT=286 DEFAULT CHARSET=gbk;
/*!40101 SET character_set_client = @saved_cs_client */;

--
-- Dumping data for table `record`
--

LOCK TABLES `record` WRITE;
/*!40000 ALTER TABLE `record` DISABLE KEYS */;
INSERT INTO `record` VALUES (2,'4720db','06b92c',NULL,'餐饮','东北菜'),(3,'1','99e7c5','2014-03-31 14:24:32','娱乐','电影'),(4,'261b07','0f0cfb','2014-04-01 10:45:48','餐饮','苏菜'),(5,'261b07','06b92c','2014-04-01 10:46:11','餐饮','东北菜'),(6,'1','06b92c','2014-04-03 13:25:35','餐饮','东北菜'),(7,'1','48bd05','2014-04-11 15:23:01','餐饮','快餐'),(8,'1','48bd05','2014-04-11 17:10:48','餐饮','快餐'),(9,'1','48bd05','2014-04-11 17:22:19','餐饮','快餐'),(10,'1','48bd05','2014-04-11 17:38:35','餐饮','快餐'),(11,'1','0f0cfb','2014-04-11 19:23:16','餐饮','苏菜'),(12,'02ee01','06b92c','2014-04-11 19:35:56','餐饮','东北菜'),(13,'0e51c8','48bd05','2014-04-11 21:05:01','餐饮','快餐'),(14,'0e51c8','99e7c5','2014-04-11 21:05:19','娱乐','电影'),(15,'0e51c8','48bd05','2014-04-11 21:07:35','餐饮','快餐'),(16,'199289','48bd05','2014-04-11 22:25:10','餐饮','快餐'),(17,'1','48bd05','2014-04-12 09:32:22','餐饮','快餐'),(18,'0e51c8','48bd05','2014-04-12 09:46:14','餐饮','快餐'),(19,'1','48bd05','2014-04-12 09:50:40','餐饮','快餐'),(20,'1','0f0cfb','2014-04-12 09:51:19','餐饮','苏菜'),(21,'1','99e7c5','2014-04-12 14:54:35','娱乐','电影院'),(22,'0e51c8','99e7c5','2014-04-12 15:17:49','娱乐','电影院'),(23,'0e51c8','99e7c5','2014-04-12 15:35:53','娱乐','电影院'),(24,'0e51c8','fd3aa6','2014-04-12 15:36:35','娱乐','游乐场'),(25,'0e51c8','fd3aa6','2014-04-12 15:51:44','娱乐','游乐场'),(26,'0e51c8','48bd05','2014-04-12 16:32:41','餐饮','快餐'),(27,'199289','cddc10','2014-04-12 16:38:17','餐饮','苏菜'),(28,'199289','0f0cfb','2014-04-12 16:38:23','餐饮','苏菜'),(29,'199289','06b92c','2014-04-12 16:38:34','餐饮','东北菜'),(30,'199289','0f0cfb','2014-04-12 16:38:37','餐饮','苏菜'),(32,'199289','48bd05','2014-04-12 16:38:44','餐饮','快餐'),(33,'199289','99e7c5','2014-04-12 16:38:49','娱乐','电影院'),(34,'199289','cddc10','2014-04-12 16:38:52','餐饮','苏菜'),(35,'199289','fd3aa6','2014-04-12 16:38:56','娱乐','游乐场'),(36,'199289','48bd05','2014-04-21 19:58:11','餐饮','快餐'),(37,'199289','cddc10','2014-04-21 19:58:32','餐饮','苏菜'),(38,'1','99e7c5','2014-04-27 14:28:23','娱乐','电影院'),(39,'1','48bd05','2014-04-29 16:08:33','餐饮','快餐'),(40,'1','48bd05','2014-04-29 16:08:51','餐饮','快餐'),(41,'1','48bd05','2014-04-29 16:10:57','餐饮','快餐'),(42,'1','48bd05','2014-04-29 16:52:52','餐饮','快餐'),(43,'1','48bd05','2014-04-29 17:25:42','餐饮','快餐'),(44,'1','48bd05','2014-04-29 17:35:12','餐饮','快餐'),(45,'1','48bd05','2014-04-29 19:33:50','餐饮','快餐'),(46,'1','48bd05','2014-04-29 19:38:36','餐饮','快餐'),(47,'1','48bd05','2014-04-29 19:38:53','餐饮','快餐'),(48,'1','48bd05','2014-04-29 19:44:20','餐饮','快餐'),(49,'199289','0f0cfb','2014-04-29 19:52:02','餐饮','苏菜'),(50,'199289','0f0cfb','2014-04-29 20:01:18','餐饮','苏菜'),(51,'199289','0f0cfb','2014-04-29 20:03:27','餐饮','苏菜'),(52,'199289','0f0cfb','2014-04-29 20:05:10','餐饮','苏菜'),(53,'1','48bd05','2014-05-06 19:01:04','餐饮','快餐'),(54,'199289','0f0cfb','2014-05-06 19:02:03','餐饮','苏菜'),(55,'199289','0f0cfb','2014-05-06 19:03:49','餐饮','苏菜'),(56,'199289','0f0cfb','2014-05-06 19:24:07','餐饮','苏菜'),(57,'199289','06b92c','2014-05-06 19:59:02','餐饮','东北菜'),(58,'199289','cddc10','2014-05-06 19:59:37','餐饮','苏菜'),(59,'199289','0f0cfb','2014-05-06 20:05:07','餐饮','苏菜'),(60,'1','06b92c','2014-05-14 14:05:51','餐饮','东北菜'),(61,'1','0f0cfb','2014-05-14 14:06:03','餐饮','苏菜'),(62,'1','fd3aa6','2014-05-14 14:06:17','娱乐','游乐场'),(63,'1','721106','2014-05-14 14:18:32','餐饮','快餐'),(64,'1','adeb33','2014-05-14 14:33:40','餐饮','川菜'),(65,'1','721106','2014-05-14 14:47:33','餐饮','快餐'),(66,'1','adeb33','2014-05-14 14:47:40','餐饮','川菜'),(67,'1','adeb33','2014-05-14 14:48:00','餐饮','川菜'),(68,'1','48bd05','2014-05-14 14:48:08','餐饮','快餐'),(69,'1','adeb33','2014-05-14 14:48:20','餐饮','川菜'),(70,'1','48bd05','2014-05-14 14:48:30','餐饮','快餐'),(71,'1','721106','2014-05-14 14:52:24','餐饮','快餐'),(72,'1','48bd05','2014-05-14 15:24:26','餐饮','快餐'),(73,'1','48bd05','2014-05-14 16:25:21','餐饮','快餐'),(74,'199289','0f0cfb','2014-05-14 16:49:51','餐饮','苏菜'),(75,'199289','adeb33','2014-05-14 16:50:02','餐饮','川菜'),(76,'199289','adeb33','2014-05-14 16:52:02','餐饮','川菜'),(77,'199289','721106','2014-05-14 16:52:20','餐饮','快餐'),(78,'199289','721106','2014-05-14 16:54:53','餐饮','快餐'),(79,'199289','adeb33','2014-05-14 16:56:10','餐饮','川菜'),(80,'1','373cbe','2014-05-14 17:02:06','餐饮','苏菜'),(81,'1','a4ebb0','2014-05-14 17:06:44','娱乐','景点'),(82,'1','e6de90','2014-05-14 18:38:00','娱乐','会所'),(83,'1','721106','2014-05-14 18:38:19','餐饮','快餐'),(84,'199289','721106','2014-05-14 18:40:10','餐饮','快餐'),(85,'199289','b91547','2014-05-14 18:40:25','娱乐','电影院'),(86,'199289','419749','2014-05-14 18:44:05','娱乐','景点'),(87,'199289','ecd7af','2014-05-14 18:44:56','娱乐','景点'),(88,'199289','cddc10','2014-05-14 18:45:22','餐饮','苏菜'),(89,'1','48bd05','2014-05-14 20:29:59','餐饮','快餐'),(90,'199289','48bd05','2014-05-15 10:47:22','餐饮','快餐'),(91,'1','373cbe','2014-05-15 14:53:56','餐饮','苏菜'),(92,'1','373cbe','2014-05-15 14:56:24','餐饮','苏菜'),(93,'1','08c599','2014-05-15 15:17:27','餐饮','快餐'),(94,'1','39e08f','2014-05-15 15:23:44','娱乐','景点'),(96,'1','adeb33','2014-05-15 15:57:23','餐饮','川菜'),(97,'1','48bd05','2014-05-15 16:17:07','餐饮','快餐'),(98,'1','08c599','2014-05-15 16:40:14','餐饮','快餐'),(99,'1','48bd05','2014-05-15 16:41:51','餐饮','快餐'),(100,'39143e','6a172c','2014-05-15 16:50:29','餐饮','苏菜'),(101,'39143e','6a172c','2014-05-15 16:51:17','餐饮','苏菜'),(102,'39143e','6a172c','2014-05-15 17:19:44','餐饮','苏菜'),(103,'39143e','795638','2014-05-15 17:20:29','餐饮','苏菜'),(104,'39143e','6a172c','2014-05-15 17:22:01','餐饮','苏菜'),(105,'1','06b92c','2014-05-15 17:26:14','餐饮','东北菜'),(106,'1','e5d4c2','2014-05-15 17:32:05','餐饮','湘菜'),(107,'1','cddc10','2014-05-15 17:32:08','餐饮','苏菜'),(108,'1','ba4f75','2014-05-15 17:32:14','餐饮','川菜'),(109,'1','99e7c5','2014-05-15 17:32:20','娱乐','电影院'),(110,'1','795638','2014-05-15 17:32:23','餐饮','苏菜'),(111,'1','e5d4c2','2014-05-15 17:32:29','餐饮','湘菜'),(112,'39143e','ba4f75','2014-05-15 17:34:01','餐饮','川菜'),(113,'39143e','39e08f','2014-05-15 17:39:48','娱乐','景点'),(114,'39143e','6a172c','2014-05-15 17:49:19','餐饮','苏菜'),(115,'1','48bd05','2014-05-22 14:57:07','餐饮','快餐'),(116,'1','fd3aa6','2014-05-22 14:58:49','娱乐','游乐场'),(117,'1','fd3aa6','2014-05-22 15:35:32','娱乐','游乐场'),(118,'1','c338d8','2014-05-22 15:39:38','餐饮','粤菜'),(119,'1','c338d8','2014-05-22 15:48:38','餐饮','粤菜'),(120,'1','fd3aa6','2014-05-22 16:03:41','娱乐','游乐场'),(121,'1','fd3aa6','2014-05-22 16:31:55','娱乐','游乐场'),(122,'1','fd3aa6','2014-05-22 17:09:25','娱乐','游乐场'),(125,'1','fd3aa6','2014-05-22 17:21:16','娱乐','游乐场'),(126,'1','fd3aa6','2014-05-22 17:31:33','娱乐','游乐场'),(127,'1','fd3aa6','2014-05-22 17:38:06','娱乐','游乐场'),(128,'1','fd3aa6','2014-05-22 17:51:03','娱乐','游乐场'),(129,'199289','c338d8','2014-05-22 17:55:12','餐饮','粤菜'),(130,'199289','c338d8','2014-05-22 17:58:49','餐饮','粤菜'),(131,'1','fd3aa6','2014-05-23 09:38:36','娱乐','游乐场'),(132,'1','fd3aa6','2014-05-23 10:45:16','娱乐','游乐场'),(133,'1','b91547','2014-05-23 12:04:52','娱乐','电影院'),(134,'1','fd3aa6','2014-05-23 12:15:26','娱乐','游乐场'),(135,'1','99e7c5','2014-05-23 12:22:11','娱乐','电影院'),(136,'1','fd3aa6','2014-05-23 15:40:27','娱乐','游乐场'),(137,'1','ed1366','2014-05-23 15:56:03','娱乐','游乐场'),(138,'1','ecd7af','2014-05-23 16:06:28','娱乐','景点'),(145,'1','d32894','2014-05-23 16:11:48','娱乐','健身'),(146,'199289','373cbe','2014-05-23 16:12:45','餐饮','苏菜'),(147,'1','795638','2014-05-23 16:17:17','餐饮','苏菜'),(148,'1','373cbe','2014-05-23 16:17:46','餐饮','苏菜'),(149,'1','419749','2014-05-23 16:19:51','娱乐','景点'),(150,'1','6a172c','2014-05-23 16:26:21','餐饮','苏菜'),(151,'1','373cbe','2014-05-23 16:28:41','餐饮','苏菜'),(152,'1','08c599','2014-05-23 21:50:21','餐饮','快餐'),(153,'1','48bd05','2014-05-23 21:50:43','餐饮','快餐'),(154,'199289','39e08f','2014-05-23 22:00:14','娱乐','景点'),(155,'1','373cbe','2014-05-23 22:05:53','餐饮','苏菜'),(156,'1','06b92c','2014-05-23 22:06:18','餐饮','东北菜'),(157,'1','fd3aa6','2014-05-30 10:09:22','娱乐','游乐场'),(158,'1','373cbe','2014-05-30 13:12:41','餐饮','苏菜'),(159,'1','48bd05','2014-05-30 13:16:16','餐饮','快餐'),(161,'1','0f0cfb','2014-05-30 13:32:29','餐饮','苏菜'),(162,'1','0f0cfb','2014-05-30 13:37:13','餐饮','苏菜'),(163,'1','795638','2014-05-30 13:40:03','餐饮','苏菜'),(164,'1','a4ebb0','2014-05-30 13:40:19','娱乐','景点'),(165,'199289','fd3aa6','2014-05-30 13:41:23','娱乐','游乐场'),(166,'1','fd3aa6','2014-05-30 13:57:42','娱乐','游乐场'),(167,'1','ed1366','2014-05-30 13:58:35','娱乐','游乐场'),(168,'199289','c338d8','2014-05-30 13:59:14','餐饮','粤菜'),(169,'199289','419749','2014-05-30 14:00:08','娱乐','景点'),(170,'1','48bd05','2014-05-30 16:15:28','餐饮','快餐'),(171,'1','48bd05','2014-05-30 16:47:47','餐饮','快餐'),(172,'1','d812e3','2014-05-30 17:09:15','娱乐','商场'),(173,'1','721106','2014-05-30 22:46:25','餐饮','快餐'),(174,'1','721106','2014-05-30 22:52:15','餐饮','快餐'),(175,'1','721106','2014-05-30 22:52:22','餐饮','快餐'),(176,'1','08c599','2014-05-31 10:36:23','餐饮','快餐'),(177,'1','08c599','2014-05-31 10:36:57','餐饮','快餐'),(178,'1','08c599','2014-05-31 10:38:04','餐饮','快餐'),(179,'1','08c599','2014-05-31 10:39:42','餐饮','快餐'),(180,'1','08c599','2014-05-31 10:40:48','餐饮','快餐'),(181,'1','48bd05','2014-06-03 18:19:20','餐饮','快餐'),(182,'1','e6d81a','2014-06-03 18:20:44','餐饮','东北菜'),(183,'1','e6d81a','2014-06-03 18:22:19','餐饮','东北菜'),(184,'1','e6d81a','2014-06-05 13:02:54','餐饮','东北菜'),(185,'199289','6a172c','2014-06-05 13:11:15','餐饮','苏菜'),(186,'199289','6a172c','2014-06-05 13:13:44','餐饮','苏菜'),(187,'199289','fd3aa6','2014-06-05 13:13:44','娱乐','游乐场'),(188,'1','721106','2014-06-08 09:12:25','餐饮','快餐'),(189,'1','fd3aa6','2014-06-08 09:12:27','娱乐','游乐场'),(190,'1','721106','2014-06-08 09:13:03','餐饮','快餐'),(191,'1','fd3aa6','2014-06-08 09:13:03','娱乐','游乐场'),(192,'1','721106','2014-06-08 09:14:08','餐饮','快餐'),(193,'1','fd3aa6','2014-06-08 09:14:09','娱乐','游乐场'),(194,'1','08c599','2014-06-08 09:15:22','餐饮','快餐'),(195,'1','fd3aa6','2014-06-08 09:15:23','娱乐','游乐场'),(196,'1','adeb33','2014-06-08 09:16:49','餐饮','川菜'),(197,'1','08c599','2014-06-09 15:42:22','餐饮','快餐'),(198,'199289','e5d4c2','2014-06-09 17:41:25','餐饮','湘菜'),(199,'199289','795638','2014-06-09 19:13:06','餐饮','苏菜'),(200,'199289','ed1366','2014-06-09 19:19:48','娱乐','游乐场'),(201,'199289','ed1366','2014-06-09 19:19:55','娱乐','游乐场'),(202,'199289','6a172c','2014-06-09 19:21:27','餐饮','苏菜'),(203,'199289','fd3aa6','2014-06-09 19:21:27','娱乐','游乐场'),(204,'199289','6a172c','2014-06-09 19:21:30','餐饮','苏菜'),(205,'199289','fd3aa6','2014-06-09 19:21:31','娱乐','游乐场'),(206,'199289','6a172c','2014-06-09 19:21:37','餐饮','苏菜'),(207,'199289','48bd05','2014-06-09 19:22:25','餐饮','快餐'),(208,'199289','39e08f','2014-06-09 19:22:44','娱乐','景点'),(209,'199289','6a172c','2014-06-09 19:42:20','餐饮','苏菜'),(210,'199289','fd3aa6','2014-06-09 19:42:20','娱乐','游乐场'),(211,'199289','fd3aa6','2014-06-09 19:42:28','娱乐','游乐场'),(212,'199289','6a172c','2014-06-09 19:42:32','餐饮','苏菜'),(213,'199289','6a172c','2014-06-10 16:47:55','餐饮','苏菜'),(214,'199289','fd3aa6','2014-06-10 16:47:56','娱乐','游乐场'),(215,'199289','6a172c','2014-06-10 16:48:05','餐饮','苏菜'),(216,'199289','fd3aa6','2014-06-10 16:48:26','娱乐','游乐场'),(217,'199289','e6d81a','2014-06-10 16:49:10','餐饮','东北菜'),(218,'199289','6a172c','2014-06-10 16:50:37','餐饮','苏菜'),(219,'199289','fd3aa6','2014-06-10 16:50:38','娱乐','游乐场'),(220,'199289','08c599','2014-06-10 16:50:50','餐饮','快餐'),(221,'199289','721106','2014-06-10 16:50:58','餐饮','快餐'),(222,'199289','adeb33','2014-06-10 16:51:09','餐饮','川菜'),(223,'199289','e6d81a','2014-06-10 16:51:19','餐饮','东北菜'),(224,'199289','e5d4c2','2014-06-10 16:51:33','餐饮','湘菜'),(225,'1','08c599','2014-06-10 18:04:12','餐饮','快餐'),(226,'1','08c599','2014-06-10 18:05:35','餐饮','快餐'),(227,'1','49356a','2014-06-10 18:09:51','餐饮','粤菜'),(228,'1','c338d8','2014-06-10 18:10:05','餐饮','粤菜'),(229,'1','795638','2014-06-10 18:10:13','餐饮','苏菜'),(230,'1','48bd05','2014-06-10 18:10:22','餐饮','快餐'),(231,'1','4e9eb7','2014-06-10 18:13:41','餐饮','快餐'),(232,'199289','6a172c','2014-06-10 21:00:16','餐饮','苏菜'),(233,'199289','fd3aa6','2014-06-10 21:00:16','娱乐','游乐场'),(234,'199289','6a172c','2014-06-10 21:01:29','餐饮','苏菜'),(235,'199289','fd3aa6','2014-06-10 21:01:30','娱乐','游乐场'),(236,'199289','fd3aa6','2014-06-10 21:01:44','娱乐','游乐场'),(237,'199289','6a172c','2014-06-10 21:02:00','餐饮','苏菜'),(238,'199289','fd3aa6','2014-06-10 21:02:12','娱乐','游乐场'),(239,'1','721106','2014-06-10 21:03:09','餐饮','快餐'),(240,'1','fd3aa6','2014-06-10 21:03:09','娱乐','游乐场'),(241,'1','6a172c','2014-06-10 21:04:35','餐饮','苏菜'),(242,'1','fd3aa6','2014-06-10 21:04:43','娱乐','游乐场'),(243,'1','721106','2014-06-10 21:05:00','餐饮','快餐'),(244,'1','fd3aa6','2014-06-10 21:05:01','娱乐','游乐场'),(245,'1','721106','2014-06-10 21:05:07','餐饮','快餐'),(246,'1','4e9eb7','2014-06-10 21:08:17','餐饮','快餐'),(247,'1','fd3aa6','2014-06-10 21:08:18','娱乐','游乐场'),(248,'1','0f0cfb','2014-06-10 21:11:48','餐饮','苏菜'),(249,'199289','0f0cfb','2014-06-10 21:12:53','餐饮','苏菜'),(250,'199289','fd3aa6','2014-06-10 21:12:53','娱乐','游乐场'),(251,'1','4e9eb7','2014-06-10 22:23:45','餐饮','快餐'),(252,'1','fd3aa6','2014-06-10 22:23:46','娱乐','游乐场'),(253,'1','48bd05','2014-06-11 08:41:59','餐饮','快餐'),(254,'1','e6d81a','2014-06-11 08:42:22','餐饮','东北菜'),(255,'1','0f0cfb','2014-06-11 08:42:54','餐饮','苏菜'),(256,'1','4e9eb7','2014-06-11 08:44:26','餐饮','快餐'),(257,'1','fd3aa6','2014-06-11 08:44:27','娱乐','游乐场'),(258,'1','4e9eb7','2014-06-11 08:44:31','餐饮','快餐'),(259,'1','4e9eb7','2014-06-11 09:10:55','餐饮','快餐'),(260,'1','fd3aa6','2014-06-11 09:10:56','娱乐','游乐场'),(261,'1','4e9eb7','2014-06-11 09:57:47','餐饮','快餐'),(262,'1','4e9eb7','2014-06-11 10:02:28','餐饮','快餐'),(263,'1','fd3aa6','2014-06-11 10:02:28','娱乐','游乐场'),(264,'1','4e9eb7','2014-06-11 10:27:44','餐饮','快餐'),(265,'1','fd3aa6','2014-06-11 10:27:44','娱乐','游乐场'),(266,'1','4e9eb7','2014-06-11 10:30:45','餐饮','快餐'),(267,'1','fd3aa6','2014-06-11 10:30:45','娱乐','游乐场'),(268,'1','4e9eb7','2014-06-11 10:30:49','餐饮','快餐'),(269,'1','fd3aa6','2014-06-11 10:30:49','娱乐','游乐场'),(270,'1','4e9eb7','2014-06-11 10:30:52','餐饮','快餐'),(271,'1','fd3aa6','2014-06-11 10:30:53','娱乐','游乐场'),(272,'1','4e9eb7','2014-06-11 10:30:55','餐饮','快餐'),(273,'1','fd3aa6','2014-06-11 10:30:56','娱乐','游乐场'),(274,'1','4e9eb7','2014-06-11 10:30:59','餐饮','快餐'),(275,'1','fd3aa6','2014-06-11 10:30:59','娱乐','游乐场'),(276,'1','4e9eb7','2014-06-11 10:31:08','餐饮','快餐'),(277,'1','4e9eb7','2014-06-11 10:31:55','餐饮','快餐'),(278,'1','fd3aa6','2014-06-11 10:31:56','娱乐','游乐场'),(279,'1','4e9eb7','2014-06-11 10:31:57','餐饮','快餐'),(280,'1','fd3aa6','2014-06-11 10:31:58','娱乐','游乐场'),(281,'1','33401c','2014-06-11 10:32:05','餐饮','快餐'),(282,'1','721106','2014-06-13 11:27:29','餐饮','快餐'),(283,'1','fd3aa6','2014-06-13 11:27:30','娱乐','游乐场'),(284,'1','721106','2014-06-13 11:27:43','餐饮','快餐'),(285,'1','adeb33','2014-06-13 11:28:02','餐饮','川菜');
/*!40000 ALTER TABLE `record` ENABLE KEYS */;
UNLOCK TABLES;

--
-- Table structure for table `user`
--

DROP TABLE IF EXISTS `user`;
/*!40101 SET @saved_cs_client     = @@character_set_client */;
/*!40101 SET character_set_client = utf8 */;
CREATE TABLE `user` (
  `UID` varchar(64) NOT NULL,
  `username` varchar(45) NOT NULL,
  `pswd` varchar(45) NOT NULL,
  `age` int(10) unsigned NOT NULL,
  PRIMARY KEY (`UID`)
) ENGINE=InnoDB DEFAULT CHARSET=gbk;
/*!40101 SET character_set_client = @saved_cs_client */;

--
-- Dumping data for table `user`
--

LOCK TABLES `user` WRITE;
/*!40000 ALTER TABLE `user` DISABLE KEYS */;
INSERT INTO `user` VALUES ('','','',23),('02ee01','cici','cci',56),('04790b','yao','yao',25),('0e51c8','sahara','123',13),('1','sun','123',23),('16a4ef','1','1',12),('199289','sara','sara',34),('1fbdf6','yao','yao',25),('261b07','??±é?????','040315',22),('39143e','yao','yao',25),('4411c0','ali','ali1',23),('4720db','kate','kate',44),('754cea','tara','tara',27),('b57925','kk','kk',23),('e47183','孙','a',1);
/*!40000 ALTER TABLE `user` ENABLE KEYS */;
UNLOCK TABLES;
/*!40103 SET TIME_ZONE=@OLD_TIME_ZONE */;

/*!40101 SET SQL_MODE=@OLD_SQL_MODE */;
/*!40014 SET FOREIGN_KEY_CHECKS=@OLD_FOREIGN_KEY_CHECKS */;
/*!40014 SET UNIQUE_CHECKS=@OLD_UNIQUE_CHECKS */;
/*!40101 SET CHARACTER_SET_CLIENT=@OLD_CHARACTER_SET_CLIENT */;
/*!40101 SET CHARACTER_SET_RESULTS=@OLD_CHARACTER_SET_RESULTS */;
/*!40101 SET COLLATION_CONNECTION=@OLD_COLLATION_CONNECTION */;
/*!40111 SET SQL_NOTES=@OLD_SQL_NOTES */;

-- Dump completed on 2014-06-13 11:32:23
